gift_id,constituent_id,gift_number,amount,gift_date,gift_type,gift_subtype,gift_balance,designation
1,1,1,45000.0,2016-04-15,Donation,Wire Transfer,0.0,Library Fund
2,3,1,45000.0,2020-02-13,Donation,,0.0,Capital Campaign
3,3,2,30000.0,2016-01-30,Donation,,0.0,Scholarship Endowment
4,4,1,140000.0,2015-08-10,Donation,Check,0.0,Research Initiative
5,4,2,260000.0,2013-11-30,Donation,Check,0.0,Arts & Humanities
6,5,1,15000.0,2012-07-22,Pledge,Multi-year Pledge,0.0,Arts & Humanities
7,7,1,150000.0,2025-01-20,Pledge,,126000.0,Dean's Discretionary Fund
8,7,2,620000.0,2024-11-15,Donation,,0.0,Arts & Humanities
9,7,3,310000.0,2023-05-08,Donation,,0.0,Library Fund
10,7,4,100000.0,2015-03-03,Donation,GiveCampus,0.0,Unrestricted Endowment
11,9,1,180000.0,2024-04-20,Pledge,,125000.0,Unrestricted Endowment
12,9,2,15000.0,2023-09-21,Donation,Check,0.0,Dean's Discretionary Fund
13,9,3,20000.0,2022-09-27,Donation,,0.0,Faculty Excellence Fund
14,9,4,190000.0,2021-08-29,Pledge,,0.0,Student Life
15,9,5,80000.0,2016-03-31,Donation,Check,0.0,Unrestricted Endowment
16,10,1,50000.0,2025-10-12,Donation,,0.0,Faculty Excellence Fund
17,10,2,100000.0,2019-10-24,Donation,,0.0,Dean's Discretionary Fund
18,10,3,180000.0,2016-12-31,Donation,Wire Transfer,0.0,Capital Campaign
19,10,4,40000.0,2015-04-08,Donation,,0.0,Unrestricted Endowment
20,10,5,60000.0,2013-12-21,Pledge,Campaign Pledge,0.0,Arts & Humanities
21,12,1,30000.0,2021-12-01,Pledge,Campaign Pledge,0.0,Athletics Fund
22,12,2,35000.0,2020-07-23,Donation,Check,0.0,Unrestricted Endowment
23,12,3,35000.0,2018-12-21,Donation,,0.0,Scholarship Endowment
24,12,4,60000.0,2018-10-21,Donation,Check,0.0,Faculty Excellence Fund
25,12,5,45000.0,2012-09-05,Donation,Check,0.0,Athletics Fund
26,18,1,210000.0,2025-10-09,Donation,,0.0,Arts & Humanities
27,18,2,760000.0,2021-06-11,Donation,GiveCampus,0.0,Dean's Discretionary Fund
28,18,3,790000.0,2020-08-24,Donation,Wire Transfer,0.0,Capital Campaign
29,18,4,410000.0,2014-11-05,Pledge,Campaign Pledge,0.0,Athletics Fund
30,18,5,550000.0,2013-08-05,Pledge,,0.0,Scholarship Endowment
31,24,1,120000.0,2019-07-03,Donation,,0.0,Scholarship Endowment
32,24,2,50000.0,2016-04-29,Donation,,0.0,Research Initiative
33,26,1,60000.0,2016-12-10,Donation,,0.0,Athletics Fund
34,26,2,35000.0,2011-08-25,Donation,,0.0,Scholarship Endowment
35,27,1,260000.0,2022-05-23,Donation,,0.0,Library Fund
36,27,2,1200000.0,2015-08-15,Pledge,Campaign Pledge,0.0,Athletics Fund
37,30,1,140000.0,2021-06-22,Donation,,0.0,Annual Fund
38,31,1,40000.0,2026-01-04,Donation,,0.0,Athletics Fund
39,31,2,290000.0,2022-05-20,Pledge,,0.0,Athletics Fund
40,31,3,130000.0,2017-01-21,Donation,,0.0,Faculty Excellence Fund
41,35,1,1510000.0,2021-02-11,Pledge,Multi-year Pledge,0.0,Arts & Humanities
42,35,2,800000.0,2016-07-17,Donation,GiveCampus,0.0,Student Life
43,35,3,1350000.0,2015-05-08,Donation,,0.0,Dean's Discretionary Fund
44,35,4,380000.0,2013-10-09,Donation,Check,0.0,Unrestricted Endowment
45,36,1,200000.0,2017-04-18,Donation,,0.0,Capital Campaign
46,36,2,150000.0,2013-04-17,Pledge,Multi-year Pledge,0.0,Unrestricted Endowment
47,38,1,70000.0,2024-05-14,Pledge,Multi-year Pledge,46000.0,Library Fund
48,38,2,170000.0,2020-08-17,Pledge,,0.0,Annual Fund
49,38,3,180000.0,2012-10-20,Donation,Check,0.0,Capital Campaign
50,39,1,110000.0,2024-06-22,Donation,Wire Transfer,0.0,Annual Fund
51,39,2,110000.0,2023-10-19,Donation,,0.0,Dean's Discretionary Fund
52,39,3,140000.0,2023-03-07,Donation,,0.0,Library Fund
53,39,4,150000.0,2022-09-24,Donation,,0.0,Student Life
54,39,5,110000.0,2021-09-09,Pledge,Multi-year Pledge,0.0,Faculty Excellence Fund
55,39,6,150000.0,2017-06-02,Donation,Check,0.0,Scholarship Endowment
56,39,7,130000.0,2016-11-28,Donation,,0.0,Dean's Discretionary Fund
57,39,8,45000.0,2015-01-23,Pledge,,0.0,Student Life
58,39,9,100000.0,2013-06-10,Pledge,,0.0,Dean's Discretionary Fund
59,39,10,60000.0,2012-02-12,Pledge,Multi-year Pledge,0.0,Athletics Fund
60,43,1,45000.0,2025-08-11,Donation,Check,0.0,Scholarship Endowment
61,43,2,100000.0,2019-09-03,Donation,,0.0,Research Initiative
62,45,1,340000.0,2012-11-26,Donation,,0.0,Athletics Fund
63,46,1,70000.0,2025-05-14,Donation,GiveCampus,0.0,Arts & Humanities
64,46,2,25000.0,2015-07-30,Donation,GiveCampus,0.0,Research Initiative
65,46,3,60000.0,2012-12-31,Pledge,Multi-year Pledge,0.0,Dean's Discretionary Fund
66,46,4,70000.0,2012-07-08,Donation,Check,0.0,Library Fund
67,46,5,30000.0,2012-01-23,Pledge,Multi-year Pledge,0.0,Scholarship Endowment
68,47,1,150000.0,2024-06-12,Donation,,0.0,Global Initiatives
69,47,2,15000.0,2024-03-29,Pledge,Campaign Pledge,10000.0,Library Fund
70,47,3,90000.0,2024-03-13,Donation,,0.0,Unrestricted Endowment
71,47,4,170000.0,2020-10-20,Donation,,0.0,Student Life
72,47,5,110000.0,2012-02-24,Donation,GiveCampus,0.0,Athletics Fund
73,49,1,100000.0,2025-03-19,Donation,GiveCampus,0.0,Athletics Fund
74,49,2,20000.0,2023-09-02,Pledge,Multi-year Pledge,8000.0,Scholarship Endowment
75,49,3,190000.0,2020-08-17,Donation,,0.0,Faculty Excellence Fund
76,49,4,60000.0,2013-03-04,Donation,GiveCampus,0.0,Dean's Discretionary Fund
77,49,5,180000.0,2011-08-24,Pledge,Multi-year Pledge,0.0,Annual Fund
78,50,1,45000.0,2018-09-06,Pledge,Multi-year Pledge,0.0,Faculty Excellence Fund
79,54,1,200000.0,2023-03-09,Donation,Wire Transfer,0.0,Global Initiatives
80,55,1,90000.0,2018-01-31,Pledge,Campaign Pledge,0.0,Student Life
81,57,1,230000.0,2025-07-22,Donation,GiveCampus,0.0,Scholarship Endowment
82,57,2,120000.0,2023-12-03,Donation,Check,0.0,Arts & Humanities
83,57,3,220000.0,2016-12-01,Donation,,0.0,Capital Campaign
84,57,4,90000.0,2015-09-07,Donation,Wire Transfer,0.0,Capital Campaign
85,59,1,320000.0,2020-05-29,Donation,,0.0,Global Initiatives
86,59,2,230000.0,2017-12-07,Donation,,0.0,Faculty Excellence Fund
87,59,3,70000.0,2015-08-04,Donation,Check,0.0,Research Initiative
88,59,4,45000.0,2013-10-22,Donation,,0.0,Scholarship Endowment
89,60,1,180000.0,2014-05-29,Donation,,0.0,Arts & Humanities
90,60,2,170000.0,2013-03-04,Pledge,,0.0,Faculty Excellence Fund
91,62,1,120000.0,2024-02-01,Donation,Check,0.0,Student Life
92,64,1,60000.0,2023-06-17,Donation,GiveCampus,0.0,Student Life
93,64,2,10000.0,2014-11-15,Pledge,,0.0,Faculty Excellence Fund
94,66,1,310000.0,2021-04-02,Donation,,0.0,Arts & Humanities
95,66,2,35000.0,2020-06-02,Pledge,Campaign Pledge,0.0,Dean's Discretionary Fund
96,71,1,150000.0,2017-03-10,Donation,,0.0,Faculty Excellence Fund
97,71,2,60000.0,2015-07-23,Donation,,0.0,Research Initiative
98,71,3,90000.0,2014-11-17,Donation,Wire Transfer,0.0,Scholarship Endowment
99,71,4,160000.0,2012-07-07,Pledge,Campaign Pledge,0.0,Annual Fund
100,72,1,160000.0,2020-01-04,Donation,,0.0,Athletics Fund
101,73,1,250000.0,2019-05-25,Pledge,Campaign Pledge,0.0,Global Initiatives
102,73,2,150000.0,2017-08-25,Donation,Check,0.0,Library Fund
103,73,3,220000.0,2015-10-08,Pledge,Campaign Pledge,0.0,Unrestricted Endowment
104,73,4,260000.0,2015-05-15,Donation,,0.0,Athletics Fund
105,73,5,110000.0,2014-11-02,Donation,,0.0,Faculty Excellence Fund
106,73,6,160000.0,2013-09-28,Donation,,0.0,Faculty Excellence Fund
107,73,7,220000.0,2013-01-31,Pledge,Multi-year Pledge,0.0,Athletics Fund
108,74,1,15000.0,2022-01-31,Pledge,Campaign Pledge,0.0,Athletics Fund
109,74,2,50000.0,2012-07-22,Donation,Check,0.0,Student Life
110,74,3,20000.0,2011-07-11,Donation,GiveCampus,0.0,Global Initiatives
111,75,1,60000.0,2020-10-07,Donation,,0.0,Capital Campaign
112,75,2,60000.0,2019-10-09,Pledge,Multi-year Pledge,0.0,Faculty Excellence Fund
113,75,3,60000.0,2011-12-26,Donation,Wire Transfer,0.0,Library Fund
114,76,1,170000.0,2024-09-09,Donation,Wire Transfer,0.0,Research Initiative
115,76,2,100000.0,2020-08-23,Donation,,0.0,Library Fund
116,76,3,400000.0,2020-08-05,Donation,Wire Transfer,0.0,Athletics Fund
117,76,4,180000.0,2012-09-18,Donation,,0.0,Annual Fund
118,80,1,130000.0,2025-05-21,Pledge,Multi-year Pledge,103000.0,Capital Campaign
119,80,2,370000.0,2025-01-31,Pledge,,255000.0,Annual Fund
120,80,3,240000.0,2023-08-18,Pledge,Multi-year Pledge,172000.0,Global Initiatives
121,80,4,130000.0,2023-07-21,Pledge,,75000.0,Global Initiatives
122,80,5,310000.0,2023-03-05,Donation,Wire Transfer,0.0,Arts & Humanities
123,80,6,80000.0,2022-03-31,Pledge,Campaign Pledge,0.0,Global Initiatives
124,80,7,110000.0,2019-04-14,Donation,GiveCampus,0.0,Faculty Excellence Fund
125,80,8,30000.0,2018-03-15,Donation,,0.0,Scholarship Endowment
126,81,1,90000.0,2024-02-29,Donation,,0.0,Library Fund
127,81,2,180000.0,2023-07-07,Donation,,0.0,Athletics Fund
128,81,3,60000.0,2020-04-04,Donation,,0.0,Research Initiative
129,81,4,120000.0,2015-05-27,Donation,GiveCampus,0.0,Library Fund
130,84,1,40000.0,2025-10-16,Pledge,Campaign Pledge,34000.0,Arts & Humanities
131,84,2,40000.0,2022-12-08,Donation,Wire Transfer,0.0,Research Initiative
132,84,3,45000.0,2021-09-15,Pledge,Multi-year Pledge,0.0,Capital Campaign
133,84,4,45000.0,2020-03-19,Pledge,Campaign Pledge,0.0,Unrestricted Endowment
134,84,5,60000.0,2017-10-12,Donation,,0.0,Faculty Excellence Fund
135,84,6,35000.0,2017-09-07,Donation,,0.0,Dean's Discretionary Fund
136,84,7,20000.0,2016-05-19,Donation,Wire Transfer,0.0,Library Fund
137,84,8,50000.0,2014-03-02,Pledge,Campaign Pledge,0.0,Faculty Excellence Fund
138,84,9,10000.0,2012-07-06,Donation,Check,0.0,Annual Fund
139,85,1,60000.0,2025-11-06,Donation,GiveCampus,0.0,Scholarship Endowment
140,85,2,30000.0,2018-03-30,Donation,,0.0,Arts & Humanities
141,85,3,25000.0,2017-10-06,Pledge,,0.0,Capital Campaign
142,86,1,340000.0,2014-09-16,Pledge,Multi-year Pledge,0.0,Arts & Humanities
143,86,2,110000.0,2014-05-26,Donation,Check,0.0,Capital Campaign
144,86,3,290000.0,2012-11-14,Donation,,0.0,Athletics Fund
145,86,4,370000.0,2011-11-04,Donation,GiveCampus,0.0,Capital Campaign
146,87,1,40000.0,2022-02-19,Donation,,0.0,Faculty Excellence Fund
147,87,2,130000.0,2021-03-03,Pledge,Campaign Pledge,0.0,Unrestricted Endowment
148,87,3,180000.0,2020-01-23,Pledge,Campaign Pledge,0.0,Capital Campaign
149,88,1,70000.0,2022-07-17,Donation,Wire Transfer,0.0,Dean's Discretionary Fund
150,88,2,60000.0,2021-01-03,Donation,,0.0,Capital Campaign
151,88,3,60000.0,2016-10-24,Donation,Wire Transfer,0.0,Arts & Humanities
152,93,1,360000.0,2025-11-04,Donation,GiveCampus,0.0,Capital Campaign
153,93,2,200000.0,2014-10-18,Donation,,0.0,Faculty Excellence Fund
154,95,1,50000.0,2022-05-19,Pledge,,0.0,Unrestricted Endowment
155,95,2,8000.0,2020-10-17,Donation,GiveCampus,0.0,Capital Campaign
156,95,3,35000.0,2020-01-17,Donation,GiveCampus,0.0,Unrestricted Endowment
157,95,4,45000.0,2016-02-08,Pledge,Campaign Pledge,0.0,Research Initiative
158,95,5,40000.0,2015-12-08,Pledge,Campaign Pledge,0.0,Student Life
159,102,1,160000.0,2025-06-28,Donation,,0.0,Scholarship Endowment
160,102,2,180000.0,2024-08-29,Donation,GiveCampus,0.0,Athletics Fund
161,102,3,140000.0,2023-06-23,Donation,,0.0,Annual Fund
162,102,4,320000.0,2021-09-01,Donation,,0.0,Library Fund
163,102,5,320000.0,2015-02-06,Pledge,Campaign Pledge,0.0,Capital Campaign
164,103,1,35000.0,2025-12-09,Donation,Check,0.0,Library Fund
165,103,2,20000.0,2023-02-12,Donation,,0.0,Research Initiative
166,103,3,20000.0,2021-03-19,Pledge,,0.0,Unrestricted Endowment
167,103,4,25000.0,2020-10-28,Pledge,,0.0,Arts & Humanities
168,103,5,30000.0,2017-06-02,Donation,Check,0.0,Research Initiative
169,103,6,25000.0,2016-06-17,Donation,Wire Transfer,0.0,Student Life
170,104,1,290000.0,2026-01-22,Donation,,0.0,Annual Fund
171,104,2,110000.0,2024-10-14,Donation,Wire Transfer,0.0,Arts & Humanities
172,104,3,180000.0,2024-01-14,Donation,Wire Transfer,0.0,Library Fund
173,104,4,150000.0,2022-08-02,Donation,,0.0,Annual Fund
174,104,5,240000.0,2021-12-20,Pledge,Multi-year Pledge,0.0,Library Fund
175,104,6,220000.0,2019-05-07,Donation,Check,0.0,Student Life
176,104,7,240000.0,2018-11-15,Pledge,,0.0,Capital Campaign
177,104,8,170000.0,2018-05-27,Pledge,Campaign Pledge,0.0,Dean's Discretionary Fund
178,104,9,300000.0,2014-12-10,Donation,,0.0,Capital Campaign
179,105,1,130000.0,2024-03-20,Donation,,0.0,Annual Fund
180,106,1,240000.0,2023-04-29,Donation,GiveCampus,0.0,Capital Campaign
181,107,1,60000.0,2026-04-18,Pledge,,59000.0,Unrestricted Endowment
182,107,2,10000.0,2025-06-20,Donation,GiveCampus,0.0,Arts & Humanities
183,107,3,70000.0,2024-10-27,Donation,GiveCampus,0.0,Athletics Fund
184,107,4,45000.0,2022-08-23,Donation,Check,0.0,Arts & Humanities
185,107,5,30000.0,2021-08-01,Donation,,0.0,Unrestricted Endowment
186,107,6,60000.0,2020-05-08,Donation,Wire Transfer,0.0,Unrestricted Endowment
187,108,1,30000.0,2025-10-22,Donation,Wire Transfer,0.0,Athletics Fund
188,108,2,60000.0,2021-03-26,Donation,GiveCampus,0.0,Annual Fund
189,108,3,25000.0,2020-10-21,Pledge,Multi-year Pledge,0.0,Scholarship Endowment
190,108,4,45000.0,2016-07-29,Pledge,,0.0,Faculty Excellence Fund
191,112,1,25000.0,2017-05-04,Donation,,0.0,Global Initiatives
192,112,2,190000.0,2016-11-26,Donation,,0.0,Arts & Humanities
193,112,3,20000.0,2013-08-07,Pledge,Multi-year Pledge,0.0,Research Initiative
194,113,1,20000.0,2025-08-15,Donation,GiveCampus,0.0,Research Initiative
195,113,2,35000.0,2018-10-27,Donation,,0.0,Athletics Fund
196,113,3,60000.0,2017-12-31,Donation,,0.0,Capital Campaign
197,117,1,35000.0,2026-02-12,Donation,,0.0,Dean's Discretionary Fund
198,121,1,120000.0,2018-04-18,Donation,,0.0,Athletics Fund
199,121,2,80000.0,2018-01-30,Donation,Wire Transfer,0.0,Scholarship Endowment
200,123,1,40000.0,2022-06-30,Pledge,Multi-year Pledge,0.0,Global Initiatives
201,123,2,60000.0,2017-07-17,Donation,,0.0,Global Initiatives
202,125,1,40000.0,2022-10-11,Pledge,Multi-year Pledge,0.0,Global Initiatives
203,125,2,25000.0,2011-11-16,Donation,GiveCampus,0.0,Arts & Humanities
204,127,1,60000.0,2019-09-21,Donation,GiveCampus,0.0,Faculty Excellence Fund
205,127,2,60000.0,2019-06-08,Pledge,Campaign Pledge,0.0,Arts & Humanities
206,127,3,35000.0,2018-04-06,Donation,Check,0.0,Capital Campaign
207,127,4,9000.0,2014-11-23,Donation,,0.0,Capital Campaign
208,128,1,25000.0,2023-06-24,Donation,,0.0,Dean's Discretionary Fund
209,129,1,280000.0,2023-07-23,Donation,Check,0.0,Global Initiatives
210,129,2,290000.0,2017-02-11,Donation,GiveCampus,0.0,Unrestricted Endowment
211,129,3,80000.0,2016-07-17,Donation,,0.0,Arts & Humanities
212,129,4,35000.0,2015-07-04,Donation,,0.0,Research Initiative
213,129,5,210000.0,2011-11-09,Donation,Check,0.0,Research Initiative
214,130,1,45000.0,2023-04-30,Pledge,,0.0,Athletics Fund
215,130,2,100000.0,2019-04-01,Donation,,0.0,Capital Campaign
216,130,3,35000.0,2018-12-22,Donation,Wire Transfer,0.0,Global Initiatives
217,130,4,60000.0,2016-11-01,Donation,,0.0,Dean's Discretionary Fund
218,130,5,15000.0,2016-03-22,Donation,,0.0,Unrestricted Endowment
219,130,6,80000.0,2013-08-07,Donation,Wire Transfer,0.0,Arts & Humanities
220,130,7,30000.0,2011-07-17,Donation,Wire Transfer,0.0,Faculty Excellence Fund
221,131,1,360000.0,2020-03-04,Donation,Wire Transfer,0.0,Global Initiatives
222,131,2,100000.0,2014-12-25,Pledge,Campaign Pledge,0.0,Annual Fund
223,131,3,290000.0,2011-07-15,Donation,Wire Transfer,0.0,Athletics Fund
224,132,1,50000.0,2025-11-27,Donation,,0.0,Library Fund
225,132,2,35000.0,2025-04-23,Pledge,Campaign Pledge,28000.0,Global Initiatives
226,132,3,25000.0,2019-12-05,Donation,Wire Transfer,0.0,Faculty Excellence Fund
227,132,4,25000.0,2018-11-06,Donation,Check,0.0,Annual Fund
228,135,1,110000.0,2026-03-18,Donation,GiveCampus,0.0,Faculty Excellence Fund
229,135,2,190000.0,2020-05-10,Donation,,0.0,Athletics Fund
230,135,3,360000.0,2014-05-28,Donation,GiveCampus,0.0,Annual Fund
231,136,1,20000.0,2025-02-27,Pledge,Multi-year Pledge,14000.0,Scholarship Endowment
232,136,2,70000.0,2019-06-10,Pledge,Multi-year Pledge,0.0,Student Life
233,136,3,15000.0,2015-03-03,Pledge,Campaign Pledge,0.0,Faculty Excellence Fund
234,136,4,35000.0,2012-11-04,Donation,,0.0,Unrestricted Endowment
235,136,5,40000.0,2011-12-14,Donation,,0.0,Capital Campaign
236,136,6,60000.0,2011-06-07,Pledge,,0.0,Unrestricted Endowment
237,137,1,50000.0,2022-09-05,Pledge,,0.0,Arts & Humanities
238,137,2,190000.0,2016-12-26,Donation,,0.0,Student Life
239,139,1,25000.0,2026-03-26,Pledge,Multi-year Pledge,24000.0,Capital Campaign
240,139,2,100000.0,2023-08-02,Donation,,0.0,Student Life
241,139,3,160000.0,2022-10-26,Pledge,Multi-year Pledge,0.0,Student Life
242,140,1,80000.0,2020-01-25,Pledge,,0.0,Arts & Humanities
243,140,2,160000.0,2012-07-12,Donation,Wire Transfer,0.0,Athletics Fund
244,145,1,330000.0,2023-01-14,Donation,Wire Transfer,0.0,Faculty Excellence Fund
245,145,2,370000.0,2022-09-01,Donation,Check,0.0,Arts & Humanities
246,145,3,350000.0,2018-08-20,Donation,GiveCampus,0.0,Scholarship Endowment
247,149,1,150000.0,2015-06-19,Pledge,,0.0,Dean's Discretionary Fund
248,149,2,130000.0,2012-01-04,Donation,GiveCampus,0.0,Student Life
249,151,1,160000.0,2025-06-28,Donation,Check,0.0,Arts & Humanities
250,151,2,180000.0,2025-05-14,Donation,,0.0,Arts & Humanities
251,151,3,60000.0,2022-02-02,Pledge,,0.0,Global Initiatives
252,151,4,310000.0,2021-11-03,Donation,Wire Transfer,0.0,Capital Campaign
253,151,5,230000.0,2018-01-13,Donation,Wire Transfer,0.0,Dean's Discretionary Fund
254,151,6,70000.0,2016-02-24,Pledge,,0.0,Unrestricted Endowment
255,152,1,10000.0,2019-09-23,Donation,,0.0,Unrestricted Endowment
256,152,2,15000.0,2016-10-05,Pledge,Multi-year Pledge,0.0,Research Initiative
257,152,3,25000.0,2014-04-06,Pledge,Multi-year Pledge,0.0,Scholarship Endowment
258,154,1,35000.0,2019-05-23,Pledge,,0.0,Athletics Fund
259,155,1,10000.0,2024-03-21,Donation,,0.0,Arts & Humanities
260,155,2,15000.0,2024-01-23,Donation,Wire Transfer,0.0,Faculty Excellence Fund
261,155,3,10000.0,2023-03-24,Donation,,0.0,Athletics Fund
262,155,4,60000.0,2014-07-14,Donation,Wire Transfer,0.0,Scholarship Endowment
263,155,5,45000.0,2012-11-10,Pledge,Campaign Pledge,0.0,Dean's Discretionary Fund
264,155,6,70000.0,2012-10-13,Donation,Check,0.0,Athletics Fund
265,156,1,30000.0,2025-05-24,Donation,Check,0.0,Annual Fund
266,156,2,10000.0,2019-04-24,Donation,Wire Transfer,0.0,Annual Fund
267,156,3,40000.0,2016-11-18,Donation,GiveCampus,0.0,Arts & Humanities
268,157,1,190000.0,2020-05-18,Donation,,0.0,Scholarship Endowment
269,158,1,400000.0,2023-12-24,Pledge,,163000.0,Capital Campaign
270,158,2,670000.0,2013-07-18,Pledge,Campaign Pledge,0.0,Student Life
271,158,3,360000.0,2012-02-28,Donation,Check,0.0,Student Life
272,158,4,480000.0,2011-10-06,Pledge,Campaign Pledge,0.0,Faculty Excellence Fund
273,159,1,140000.0,2024-12-22,Donation,,0.0,Student Life
274,159,2,35000.0,2016-09-01,Donation,Wire Transfer,0.0,Research Initiative
275,161,1,25000.0,2023-07-06,Pledge,,9000.0,Scholarship Endowment
276,161,2,20000.0,2012-06-25,Donation,,0.0,Dean's Discretionary Fund
277,162,1,8000.0,2023-08-14,Donation,,0.0,Dean's Discretionary Fund
278,162,2,10000.0,2020-09-22,Donation,GiveCampus,0.0,Capital Campaign
279,162,3,25000.0,2013-04-17,Pledge,,0.0,Global Initiatives
280,162,4,20000.0,2011-12-08,Donation,,0.0,Dean's Discretionary Fund
281,164,1,700000.0,2023-01-26,Pledge,Multi-year Pledge,0.0,Research Initiative
282,164,2,440000.0,2023-01-04,Donation,,0.0,Library Fund
283,164,3,690000.0,2011-10-10,Donation,,0.0,Faculty Excellence Fund
284,166,1,190000.0,2020-11-11,Donation,GiveCampus,0.0,Annual Fund
285,166,2,90000.0,2011-06-15,Donation,,0.0,Annual Fund
286,167,1,20000.0,2016-01-07,Donation,,0.0,Athletics Fund
287,168,1,80000.0,2025-12-31,Donation,Check,0.0,Faculty Excellence Fund
288,168,2,140000.0,2024-11-04,Donation,,0.0,Library Fund
289,168,3,60000.0,2022-05-03,Pledge,Multi-year Pledge,0.0,Faculty Excellence Fund
290,168,4,35000.0,2016-09-30,Donation,,0.0,Unrestricted Endowment
291,168,5,50000.0,2015-09-11,Donation,Wire Transfer,0.0,Student Life
292,168,6,35000.0,2014-06-06,Donation,,0.0,Dean's Discretionary Fund
293,169,1,220000.0,2024-02-03,Pledge,Multi-year Pledge,138000.0,Annual Fund
294,169,2,380000.0,2020-03-18,Donation,,0.0,Faculty Excellence Fund
295,171,1,240000.0,2013-11-02,Pledge,Campaign Pledge,0.0,Capital Campaign
296,172,1,30000.0,2026-03-26,Donation,GiveCampus,0.0,Faculty Excellence Fund
297,172,2,60000.0,2025-11-13,Donation,Check,0.0,Research Initiative
298,172,3,60000.0,2022-12-18,Donation,Wire Transfer,0.0,Faculty Excellence Fund
299,172,4,50000.0,2018-12-19,Donation,Wire Transfer,0.0,Global Initiatives
300,172,5,10000.0,2013-11-19,Donation,GiveCampus,0.0,Global Initiatives
301,174,1,45000.0,2021-03-15,Donation,Check,0.0,Scholarship Endowment
302,174,2,70000.0,2020-11-24,Donation,,0.0,Research Initiative
303,174,3,20000.0,2018-10-30,Pledge,Multi-year Pledge,0.0,Student Life
304,174,4,10000.0,2018-04-21,Pledge,Campaign Pledge,0.0,Student Life
305,174,5,15000.0,2015-09-26,Donation,Check,0.0,Faculty Excellence Fund
306,174,6,10000.0,2015-04-01,Donation,,0.0,Annual Fund
307,174,7,35000.0,2014-05-13,Pledge,Multi-year Pledge,0.0,Unrestricted Endowment
308,176,1,20000.0,2024-03-18,Donation,,0.0,Scholarship Endowment
309,179,1,60000.0,2025-04-26,Donation,,0.0,Unrestricted Endowment
310,181,1,45000.0,2024-01-24,Donation,Wire Transfer,0.0,Athletics Fund
311,181,2,50000.0,2021-06-15,Donation,,0.0,Library Fund
312,181,3,15000.0,2018-11-21,Donation,Check,0.0,Scholarship Endowment
313,181,4,45000.0,2017-01-26,Pledge,Campaign Pledge,0.0,Athletics Fund
314,182,1,60000.0,2021-01-20,Pledge,,0.0,Faculty Excellence Fund
315,183,1,510000.0,2024-12-07,Donation,,0.0,Scholarship Endowment
316,183,2,590000.0,2015-12-21,Pledge,Multi-year Pledge,0.0,Unrestricted Endowment
317,183,3,620000.0,2011-06-20,Pledge,Campaign Pledge,0.0,Research Initiative
318,185,1,30000.0,2017-10-29,Donation,Wire Transfer,0.0,Capital Campaign
319,185,2,70000.0,2015-09-07,Donation,,0.0,Scholarship Endowment
320,187,1,110000.0,2016-12-30,Donation,,0.0,Athletics Fund
321,188,1,35000.0,2022-10-11,Donation,,0.0,Global Initiatives
322,188,2,35000.0,2018-11-27,Pledge,Multi-year Pledge,0.0,Athletics Fund
323,188,3,70000.0,2016-02-23,Donation,,0.0,Faculty Excellence Fund
324,188,4,30000.0,2014-05-27,Donation,Wire Transfer,0.0,Library Fund
325,188,5,70000.0,2014-05-10,Pledge,,0.0,Dean's Discretionary Fund
326,188,6,9000.0,2013-08-01,Donation,Check,0.0,Dean's Discretionary Fund
327,188,7,70000.0,2013-03-04,Donation,Wire Transfer,0.0,Library Fund
328,188,8,50000.0,2013-01-13,Donation,Check,0.0,Dean's Discretionary Fund
329,188,9,9000.0,2012-12-23,Pledge,,0.0,Student Life
330,188,10,60000.0,2011-06-30,Pledge,,0.0,Annual Fund
331,190,1,60000.0,2020-11-21,Donation,Wire Transfer,0.0,Student Life
332,191,1,440000.0,2018-11-10,Donation,GiveCampus,0.0,Library Fund
333,191,2,490000.0,2013-12-30,Pledge,,0.0,Dean's Discretionary Fund
334,192,1,45000.0,2024-09-14,Pledge,Multi-year Pledge,26000.0,Library Fund
335,192,2,25000.0,2022-12-29,Donation,,0.0,Annual Fund
336,192,3,6000.0,2016-11-02,Donation,,0.0,Unrestricted Endowment
337,192,4,70000.0,2016-05-21,Donation,Check,0.0,Annual Fund
338,192,5,15000.0,2012-04-17,Donation,Check,0.0,Unrestricted Endowment
339,194,1,1600000.0,2024-02-08,Donation,Check,0.0,Global Initiatives
340,194,2,380000.0,2016-06-17,Donation,,0.0,Arts & Humanities
341,194,3,320000.0,2015-07-11,Donation,Wire Transfer,0.0,Unrestricted Endowment
342,194,4,660000.0,2014-03-21,Donation,,0.0,Scholarship Endowment
343,194,5,380000.0,2011-10-14,Donation,Check,0.0,Global Initiatives
344,196,1,60000.0,2024-08-03,Donation,,0.0,Research Initiative
345,196,2,40000.0,2022-12-06,Donation,GiveCampus,0.0,Annual Fund
346,196,3,8000.0,2022-05-14,Donation,Check,0.0,Athletics Fund
347,196,4,30000.0,2019-10-29,Pledge,Campaign Pledge,0.0,Arts & Humanities
348,197,1,20000.0,2022-12-11,Donation,,0.0,Athletics Fund
349,197,2,70000.0,2020-02-20,Donation,,0.0,Unrestricted Endowment
350,197,3,25000.0,2017-11-01,Donation,,0.0,Global Initiatives
351,197,4,8000.0,2017-03-21,Donation,Check,0.0,Annual Fund
352,197,5,9000.0,2014-09-26,Donation,,0.0,Faculty Excellence Fund
353,197,6,60000.0,2014-06-02,Donation,Wire Transfer,0.0,Library Fund
354,198,1,60000.0,2012-04-20,Pledge,Campaign Pledge,0.0,Capital Campaign
355,198,2,9000.0,2012-01-14,Donation,,0.0,Scholarship Endowment
356,200,1,300000.0,2023-07-10,Pledge,Campaign Pledge,169000.0,Athletics Fund
357,200,2,270000.0,2013-11-03,Pledge,Campaign Pledge,0.0,Library Fund
358,201,1,620000.0,2021-12-16,Donation,Wire Transfer,0.0,Unrestricted Endowment
359,201,2,250000.0,2014-09-28,Donation,,0.0,Unrestricted Endowment
360,202,1,50000.0,2022-06-23,Donation,Check,0.0,Dean's Discretionary Fund
361,202,2,25000.0,2019-09-09,Donation,,0.0,Faculty Excellence Fund
362,202,3,60000.0,2012-06-03,Pledge,,0.0,Arts & Humanities
363,205,1,120000.0,2019-05-13,Pledge,Multi-year Pledge,0.0,Annual Fund
364,209,1,640000.0,2025-05-11,Donation,Check,0.0,Unrestricted Endowment
365,209,2,460000.0,2019-10-16,Donation,,0.0,Athletics Fund
366,209,3,700000.0,2017-12-04,Donation,Check,0.0,Annual Fund
367,211,1,70000.0,2020-01-12,Donation,Wire Transfer,0.0,Student Life
368,211,2,7000.0,2019-10-16,Pledge,,0.0,Dean's Discretionary Fund
369,211,3,20000.0,2017-01-31,Donation,Check,0.0,Student Life
370,214,1,1420000.0,2015-11-12,Donation,Check,0.0,Dean's Discretionary Fund
371,216,1,50000.0,2020-12-13,Donation,,0.0,Faculty Excellence Fund
372,216,2,60000.0,2019-10-10,Pledge,Multi-year Pledge,0.0,Dean's Discretionary Fund
373,217,1,10000.0,2023-02-19,Pledge,Campaign Pledge,0.0,Global Initiatives
374,217,2,40000.0,2021-05-01,Donation,,0.0,Student Life
375,222,1,350000.0,2025-06-05,Pledge,,268000.0,Global Initiatives
376,222,2,210000.0,2021-03-30,Pledge,Multi-year Pledge,0.0,Research Initiative
377,223,1,160000.0,2026-02-13,Donation,,0.0,Student Life
378,223,2,120000.0,2026-01-25,Donation,,0.0,Faculty Excellence Fund
379,223,3,70000.0,2025-09-17,Donation,Check,0.0,Dean's Discretionary Fund
380,223,4,150000.0,2025-08-25,Donation,Wire Transfer,0.0,Scholarship Endowment
381,223,5,180000.0,2022-02-28,Pledge,,0.0,Global Initiatives
382,223,6,80000.0,2021-08-17,Donation,Wire Transfer,0.0,Arts & Humanities
383,223,7,20000.0,2017-03-05,Donation,,0.0,Global Initiatives
384,223,8,35000.0,2014-07-18,Donation,Wire Transfer,0.0,Unrestricted Endowment
385,223,9,60000.0,2013-11-30,Pledge,Campaign Pledge,0.0,Athletics Fund
386,223,10,90000.0,2013-02-28,Donation,GiveCampus,0.0,Arts & Humanities
387,224,1,500000.0,2023-03-08,Pledge,Campaign Pledge,0.0,Capital Campaign
388,224,2,390000.0,2022-10-09,Donation,,0.0,Arts & Humanities
389,224,3,120000.0,2022-06-25,Donation,,0.0,Dean's Discretionary Fund
390,224,4,600000.0,2021-12-09,Pledge,,0.0,Student Life
391,224,5,760000.0,2017-03-04,Donation,,0.0,Arts & Humanities
392,226,1,70000.0,2025-04-08,Donation,,0.0,Research Initiative
393,226,2,30000.0,2020-12-23,Pledge,,0.0,Faculty Excellence Fund
394,226,3,45000.0,2017-06-09,Pledge,,0.0,Arts & Humanities
395,226,4,360000.0,2016-09-10,Donation,,0.0,Annual Fund
396,226,5,280000.0,2016-07-17,Donation,,0.0,Arts & Humanities
397,226,6,100000.0,2015-04-07,Pledge,,0.0,Faculty Excellence Fund
398,226,7,150000.0,2014-08-29,Donation,,0.0,Research Initiative
399,227,1,100000.0,2016-07-10,Donation,GiveCampus,0.0,Research Initiative
400,230,1,130000.0,2014-07-18,Pledge,,0.0,Scholarship Endowment
401,231,1,640000.0,2026-03-13,Pledge,,619000.0,Library Fund
402,231,2,730000.0,2014-06-21,Pledge,Campaign Pledge,0.0,Student Life
403,232,1,30000.0,2021-07-21,Donation,Check,0.0,Scholarship Endowment
404,233,1,120000.0,2025-11-26,Donation,Check,0.0,Scholarship Endowment
405,233,2,60000.0,2025-03-29,Pledge,,51000.0,Dean's Discretionary Fund
406,233,3,200000.0,2017-12-30,Pledge,Campaign Pledge,0.0,Capital Campaign
407,233,4,120000.0,2016-03-07,Donation,Wire Transfer,0.0,Global Initiatives
408,233,5,90000.0,2014-12-05,Pledge,Campaign Pledge,0.0,Global Initiatives
409,233,6,180000.0,2012-09-21,Pledge,Campaign Pledge,0.0,Athletics Fund
410,241,1,50000.0,2023-01-19,Donation,Wire Transfer,0.0,Faculty Excellence Fund
411,241,2,45000.0,2019-09-05,Donation,,0.0,Annual Fund
412,241,3,70000.0,2018-02-04,Pledge,Campaign Pledge,0.0,Global Initiatives
413,241,4,60000.0,2014-04-21,Pledge,,0.0,Faculty Excellence Fund
414,243,1,120000.0,2016-08-31,Donation,,0.0,Research Initiative
415,245,1,15000.0,2022-10-31,Donation,GiveCampus,0.0,Annual Fund
416,245,2,15000.0,2015-09-13,Donation,,0.0,Athletics Fund
417,246,1,30000.0,2014-08-24,Donation,Check,0.0,Global Initiatives
418,250,1,180000.0,2026-03-28,Pledge,,177000.0,Dean's Discretionary Fund
419,250,2,90000.0,2025-11-30,Donation,,0.0,Student Life
420,250,3,160000.0,2019-12-03,Pledge,Multi-year Pledge,0.0,Global Initiatives
421,250,4,110000.0,2018-07-30,Pledge,,0.0,Research Initiative
422,252,1,25000.0,2018-07-30,Donation,,0.0,Annual Fund
423,252,2,160000.0,2017-10-27,Donation,,0.0,Unrestricted Endowment
424,252,3,180000.0,2013-06-16,Pledge,,0.0,Student Life
425,253,1,45000.0,2023-08-12,Donation,,0.0,Research Initiative
426,254,1,70000.0,2013-02-16,Pledge,Campaign Pledge,0.0,Athletics Fund
427,255,1,220000.0,2025-08-24,Donation,,0.0,Unrestricted Endowment
428,255,2,380000.0,2022-08-16,Pledge,Multi-year Pledge,0.0,Research Initiative
429,257,1,470000.0,2024-08-16,Donation,Wire Transfer,0.0,Arts & Humanities
430,257,2,1660000.0,2021-10-10,Pledge,,0.0,Annual Fund
431,257,3,810000.0,2015-01-03,Pledge,,0.0,Global Initiatives
432,259,1,150000.0,2024-08-31,Pledge,,101000.0,Unrestricted Endowment
433,259,2,350000.0,2012-09-14,Donation,GiveCampus,0.0,Unrestricted Endowment
434,261,1,90000.0,2025-12-06,Pledge,Multi-year Pledge,81000.0,Capital Campaign
435,261,2,190000.0,2021-05-12,Donation,,0.0,Dean's Discretionary Fund
436,261,3,170000.0,2020-04-01,Donation,Check,0.0,Capital Campaign
437,261,4,80000.0,2020-01-12,Donation,Wire Transfer,0.0,Scholarship Endowment
438,261,5,100000.0,2018-01-17,Pledge,Campaign Pledge,0.0,Library Fund
439,261,6,190000.0,2012-01-04,Pledge,,0.0,Global Initiatives
440,265,1,45000.0,2020-05-31,Donation,,0.0,Library Fund
441,265,2,190000.0,2014-07-22,Donation,,0.0,Arts & Humanities
442,265,3,45000.0,2014-05-05,Pledge,Multi-year Pledge,0.0,Research Initiative
443,266,1,170000.0,2024-07-13,Donation,,0.0,Unrestricted Endowment
444,266,2,120000.0,2015-11-23,Donation,,0.0,Research Initiative
445,267,1,200000.0,2020-12-20,Pledge,Multi-year Pledge,0.0,Capital Campaign
446,268,1,35000.0,2023-08-03,Donation,Check,0.0,Student Life
447,268,2,25000.0,2018-07-28,Donation,,0.0,Dean's Discretionary Fund
448,268,3,70000.0,2017-11-15,Pledge,Multi-year Pledge,0.0,Annual Fund
449,268,4,35000.0,2013-06-12,Donation,Wire Transfer,0.0,Annual Fund
450,270,1,100000.0,2025-02-13,Donation,,0.0,Scholarship Endowment
451,270,2,230000.0,2019-12-03,Donation,,0.0,Library Fund
452,272,1,530000.0,2025-12-29,Pledge,Campaign Pledge,472000.0,Student Life
453,272,2,130000.0,2024-08-15,Pledge,Campaign Pledge,98000.0,Research Initiative
454,272,3,460000.0,2022-06-27,Donation,Check,0.0,Library Fund
455,272,4,570000.0,2022-02-13,Pledge,Multi-year Pledge,0.0,Faculty Excellence Fund
456,275,1,70000.0,2023-09-24,Donation,,0.0,Arts & Humanities
457,275,2,150000.0,2022-05-02,Donation,Check,0.0,Annual Fund
458,275,3,140000.0,2020-11-09,Donation,Wire Transfer,0.0,Dean's Discretionary Fund
459,275,4,90000.0,2014-10-01,Donation,,0.0,Library Fund
460,275,5,20000.0,2014-02-12,Donation,GiveCampus,0.0,Faculty Excellence Fund
461,277,1,30000.0,2025-12-17,Pledge,Campaign Pledge,28000.0,Capital Campaign
462,277,2,50000.0,2018-02-13,Donation,,0.0,Unrestricted Endowment
463,278,1,40000.0,2025-12-22,Donation,,0.0,Student Life
464,278,2,190000.0,2023-12-15,Donation,,0.0,Global Initiatives
465,278,3,120000.0,2020-05-13,Donation,GiveCampus,0.0,Global Initiatives
466,278,4,120000.0,2018-10-17,Pledge,Campaign Pledge,0.0,Unrestricted Endowment
467,278,5,90000.0,2018-02-05,Donation,Wire Transfer,0.0,Student Life
468,278,6,110000.0,2016-04-10,Donation,,0.0,Capital Campaign
469,278,7,180000.0,2014-03-20,Donation,,0.0,Annual Fund
470,278,8,140000.0,2011-07-07,Pledge,,0.0,Unrestricted Endowment
471,280,1,250000.0,2023-05-24,Donation,Check,0.0,Global Initiatives
472,280,2,260000.0,2020-09-06,Donation,Check,0.0,Scholarship Endowment
473,280,3,190000.0,2019-10-06,Donation,Wire Transfer,0.0,Student Life
474,280,4,330000.0,2014-12-05,Donation,,0.0,Dean's Discretionary Fund
475,280,5,60000.0,2012-11-21,Donation,,0.0,Faculty Excellence Fund
476,280,6,180000.0,2011-10-07,Pledge,Multi-year Pledge,0.0,Library Fund
477,281,1,50000.0,2025-09-20,Donation,Wire Transfer,0.0,Scholarship Endowment
478,281,2,270000.0,2020-02-22,Pledge,Multi-year Pledge,0.0,Library Fund
479,281,3,210000.0,2016-03-03,Donation,Wire Transfer,0.0,Capital Campaign
480,281,4,240000.0,2012-07-02,Pledge,Multi-year Pledge,0.0,Student Life
481,282,1,1200000.0,2023-05-28,Donation,GiveCampus,0.0,Dean's Discretionary Fund
482,283,1,130000.0,2026-04-17,Donation,,0.0,Arts & Humanities
483,283,2,60000.0,2019-03-03,Donation,,0.0,Unrestricted Endowment
484,283,3,80000.0,2017-05-14,Pledge,Multi-year Pledge,0.0,Research Initiative
485,283,4,70000.0,2014-07-19,Pledge,Multi-year Pledge,0.0,Global Initiatives
486,283,5,140000.0,2014-05-16,Donation,,0.0,Athletics Fund
487,283,6,45000.0,2011-11-16,Pledge,Campaign Pledge,0.0,Arts & Humanities
488,286,1,160000.0,2017-06-28,Donation,Wire Transfer,0.0,Athletics Fund
489,286,2,120000.0,2017-06-20,Donation,,0.0,Unrestricted Endowment
490,286,3,240000.0,2015-12-23,Donation,,0.0,Research Initiative
491,286,4,110000.0,2012-12-29,Pledge,,0.0,Student Life
492,294,1,760000.0,2015-06-20,Donation,GiveCampus,0.0,Capital Campaign
493,295,1,50000.0,2021-05-03,Donation,Check,0.0,Arts & Humanities
494,295,2,70000.0,2021-04-28,Donation,Wire Transfer,0.0,Scholarship Endowment
495,295,3,30000.0,2017-04-03,Donation,,0.0,Annual Fund
496,295,4,40000.0,2013-02-03,Pledge,Multi-year Pledge,0.0,Research Initiative
497,298,1,20000.0,2019-11-12,Pledge,,0.0,Athletics Fund
498,298,2,15000.0,2015-05-15,Donation,Check,0.0,Student Life
499,299,1,20000.0,2023-10-08,Donation,Wire Transfer,0.0,Dean's Discretionary Fund
500,299,2,50000.0,2015-07-07,Donation,,0.0,Scholarship Endowment
501,299,3,50000.0,2012-11-14,Pledge,Multi-year Pledge,0.0,Scholarship Endowment
502,300,1,20000.0,2023-11-24,Donation,,0.0,Arts & Humanities
503,300,2,20000.0,2018-12-24,Donation,GiveCampus,0.0,Library Fund
504,300,3,70000.0,2018-12-15,Pledge,,0.0,Faculty Excellence Fund
505,301,1,320000.0,2025-12-12,Pledge,Multi-year Pledge,305000.0,Capital Campaign
506,301,2,260000.0,2025-04-12,Donation,,0.0,Dean's Discretionary Fund
507,301,3,200000.0,2023-11-11,Donation,,0.0,Global Initiatives
508,301,4,70000.0,2022-12-13,Pledge,Multi-year Pledge,0.0,Annual Fund
509,301,5,70000.0,2020-05-06,Donation,Wire Transfer,0.0,Student Life
510,301,6,310000.0,2019-12-13,Donation,GiveCampus,0.0,Capital Campaign
511,301,7,380000.0,2019-03-11,Pledge,Campaign Pledge,0.0,Research Initiative
512,301,8,380000.0,2012-05-20,Donation,Wire Transfer,0.0,Student Life
513,301,9,310000.0,2011-11-17,Donation,Wire Transfer,0.0,Library Fund
514,302,1,60000.0,2023-03-17,Donation,Check,0.0,Athletics Fund
515,302,2,30000.0,2018-09-24,Donation,Wire Transfer,0.0,Research Initiative
516,302,3,60000.0,2015-04-04,Pledge,Multi-year Pledge,0.0,Dean's Discretionary Fund
517,302,4,25000.0,2014-11-12,Pledge,Campaign Pledge,0.0,Capital Campaign
518,304,1,20000.0,2026-03-02,Donation,Check,0.0,Faculty Excellence Fund
519,304,2,20000.0,2025-09-26,Donation,Check,0.0,Scholarship Endowment
520,304,3,70000.0,2025-06-04,Pledge,,62000.0,Arts & Humanities
521,304,4,7000.0,2025-05-06,Donation,,0.0,Unrestricted Endowment
522,304,5,45000.0,2023-04-03,Donation,,0.0,Unrestricted Endowment
523,304,6,25000.0,2022-10-23,Donation,Wire Transfer,0.0,Student Life
524,304,7,30000.0,2019-06-05,Donation,Wire Transfer,0.0,Dean's Discretionary Fund
525,304,8,40000.0,2018-11-08,Donation,Check,0.0,Faculty Excellence Fund
526,305,1,15000.0,2019-09-29,Donation,,0.0,Capital Campaign
527,305,2,40000.0,2016-05-31,Donation,Check,0.0,Dean's Discretionary Fund
528,306,1,10000.0,2021-08-13,Pledge,,0.0,Capital Campaign
529,306,2,60000.0,2019-11-07,Pledge,,0.0,Dean's Discretionary Fund
530,308,1,25000.0,2023-02-04,Donation,,0.0,Annual Fund
531,308,2,6000.0,2011-11-02,Donation,,0.0,Student Life
532,309,1,460000.0,2022-09-19,Donation,,0.0,Annual Fund
533,309,2,630000.0,2015-04-30,Donation,GiveCampus,0.0,Student Life
534,310,1,150000.0,2022-05-04,Donation,,0.0,Student Life
535,310,2,100000.0,2022-04-03,Donation,GiveCampus,0.0,Capital Campaign
536,310,3,190000.0,2018-06-16,Pledge,Multi-year Pledge,0.0,Capital Campaign
537,310,4,110000.0,2016-01-30,Donation,Check,0.0,Dean's Discretionary Fund
538,310,5,180000.0,2015-11-23,Donation,Wire Transfer,0.0,Faculty Excellence Fund
539,310,6,80000.0,2015-07-17,Pledge,Campaign Pledge,0.0,Capital Campaign
540,311,1,570000.0,2022-05-15,Donation,,0.0,Library Fund
541,311,2,600000.0,2015-10-17,Pledge,Campaign Pledge,0.0,Unrestricted Endowment
542,311,3,190000.0,2011-10-31,Donation,,0.0,Arts & Humanities
543,314,1,270000.0,2024-01-18,Pledge,Campaign Pledge,133000.0,Athletics Fund
544,314,2,230000.0,2022-06-20,Donation,,0.0,Capital Campaign
545,314,3,160000.0,2021-07-04,Donation,,0.0,Global Initiatives
546,314,4,230000.0,2017-01-25,Pledge,Multi-year Pledge,0.0,Student Life
547,314,5,130000.0,2016-09-23,Pledge,,0.0,Library Fund
548,316,1,120000.0,2022-09-07,Pledge,Multi-year Pledge,0.0,Athletics Fund
549,316,2,190000.0,2021-05-26,Donation,GiveCampus,0.0,Global Initiatives
550,316,3,30000.0,2020-10-06,Pledge,Multi-year Pledge,0.0,Global Initiatives
551,316,4,170000.0,2019-10-22,Pledge,Multi-year Pledge,0.0,Annual Fund
552,316,5,45000.0,2017-06-28,Donation,,0.0,Capital Campaign
553,316,6,60000.0,2015-04-01,Donation,Wire Transfer,0.0,Library Fund
554,320,1,380000.0,2023-03-17,Pledge,Campaign Pledge,0.0,Faculty Excellence Fund
555,320,2,35000.0,2013-04-23,Donation,Check,0.0,Scholarship Endowment
556,321,1,60000.0,2017-05-26,Pledge,,0.0,Student Life
557,322,1,100000.0,2025-04-23,Pledge,Campaign Pledge,72000.0,Library Fund
558,322,2,110000.0,2020-05-10,Donation,Wire Transfer,0.0,Library Fund
559,325,1,110000.0,2022-03-02,Donation,,0.0,Annual Fund
560,325,2,60000.0,2018-04-17,Donation,,0.0,Faculty Excellence Fund
561,325,3,130000.0,2014-10-09,Pledge,Campaign Pledge,0.0,Global Initiatives
562,326,1,350000.0,2024-10-25,Donation,,0.0,Dean's Discretionary Fund
563,328,1,1580000.0,2025-10-17,Donation,Check,0.0,Global Initiatives
564,328,2,1360000.0,2022-12-17,Pledge,,0.0,Athletics Fund
565,328,3,630000.0,2011-11-21,Donation,Check,0.0,Student Life
566,329,1,120000.0,2026-03-13,Donation,,0.0,Global Initiatives
567,329,2,40000.0,2024-06-14,Pledge,,32000.0,Dean's Discretionary Fund
568,329,3,50000.0,2016-12-26,Donation,,0.0,Unrestricted Endowment
569,329,4,190000.0,2015-10-06,Pledge,Multi-year Pledge,0.0,Library Fund
570,329,5,35000.0,2013-05-17,Pledge,,0.0,Global Initiatives
571,332,1,180000.0,2023-12-18,Pledge,,82000.0,Library Fund
572,332,2,750000.0,2023-05-28,Donation,Check,0.0,Student Life
573,332,3,1870000.0,2017-04-11,Pledge,,0.0,Global Initiatives
574,333,1,20000.0,2025-06-23,Donation,,0.0,Unrestricted Endowment
575,333,2,50000.0,2021-12-28,Donation,Check,0.0,Athletics Fund
576,333,3,10000.0,2019-09-21,Pledge,Multi-year Pledge,0.0,Capital Campaign
577,333,4,25000.0,2016-08-18,Donation,Wire Transfer,0.0,Unrestricted Endowment
578,333,5,40000.0,2013-06-25,Donation,,0.0,Annual Fund
579,334,1,80000.0,2023-04-16,Donation,,0.0,Global Initiatives
580,334,2,170000.0,2022-12-10,Donation,,0.0,Dean's Discretionary Fund
581,338,1,15000.0,2013-07-19,Donation,Check,0.0,Global Initiatives
582,340,1,35000.0,2021-03-05,Pledge,Multi-year Pledge,0.0,Faculty Excellence Fund
583,341,1,80000.0,2013-12-23,Donation,,0.0,Capital Campaign
584,343,1,1870000.0,2025-09-24,Pledge,Multi-year Pledge,1643000.0,Global Initiatives
585,343,2,540000.0,2023-02-24,Donation,GiveCampus,0.0,Athletics Fund
586,343,3,1240000.0,2022-10-21,Donation,,0.0,Library Fund
587,344,1,45000.0,2016-08-20,Donation,GiveCampus,0.0,Faculty Excellence Fund
588,345,1,130000.0,2014-05-25,Pledge,Multi-year Pledge,0.0,Athletics Fund
589,345,2,170000.0,2011-09-23,Pledge,Campaign Pledge,0.0,Unrestricted Endowment
590,347,1,6000.0,2025-07-31,Donation,,0.0,Research Initiative
591,347,2,45000.0,2020-09-15,Pledge,Campaign Pledge,0.0,Library Fund
592,348,1,50000.0,2024-11-07,Donation,,0.0,Arts & Humanities
593,348,2,60000.0,2017-12-27,Donation,,0.0,Athletics Fund
594,348,3,10000.0,2012-05-03,Donation,,0.0,Library Fund
595,349,1,60000.0,2025-04-26,Donation,Wire Transfer,0.0,Scholarship Endowment
596,354,1,440000.0,2024-04-15,Donation,Wire Transfer,0.0,Annual Fund
597,354,2,660000.0,2020-02-11,Donation,Check,0.0,Arts & Humanities
598,354,3,160000.0,2017-05-14,Donation,,0.0,Dean's Discretionary Fund
599,354,4,310000.0,2015-05-05,Donation,,0.0,Library Fund
600,355,1,20000.0,2025-05-10,Donation,GiveCampus,0.0,Dean's Discretionary Fund
601,355,2,10000.0,2017-02-21,Donation,,0.0,Athletics Fund
602,356,1,90000.0,2021-10-31,Pledge,Campaign Pledge,0.0,Faculty Excellence Fund
603,356,2,240000.0,2020-02-16,Donation,,0.0,Arts & Humanities
604,356,3,220000.0,2019-07-29,Donation,,0.0,Library Fund
605,356,4,190000.0,2015-04-10,Donation,,0.0,Library Fund
606,358,1,60000.0,2021-11-05,Donation,GiveCampus,0.0,Athletics Fund
607,358,2,70000.0,2021-10-24,Pledge,Multi-year Pledge,0.0,Capital Campaign
608,358,3,45000.0,2012-09-10,Donation,Wire Transfer,0.0,Faculty Excellence Fund
609,362,1,30000.0,2017-04-08,Donation,,0.0,Unrestricted Endowment
610,366,1,150000.0,2023-07-09,Donation,,0.0,Global Initiatives
611,366,2,160000.0,2020-08-25,Donation,Wire Transfer,0.0,Scholarship Endowment
612,366,3,120000.0,2015-10-29,Pledge,Campaign Pledge,0.0,Dean's Discretionary Fund
613,366,4,60000.0,2015-06-01,Donation,,0.0,Arts & Humanities
614,368,1,250000.0,2025-05-11,Donation,,0.0,Global Initiatives
615,371,1,10000.0,2015-04-03,Donation,GiveCampus,0.0,Global Initiatives
616,371,2,15000.0,2014-06-09,Donation,GiveCampus,0.0,Research Initiative
617,371,3,60000.0,2012-09-17,Donation,,0.0,Research Initiative
618,371,4,70000.0,2011-12-24,Pledge,,0.0,Faculty Excellence Fund
619,373,1,90000.0,2022-05-26,Pledge,,0.0,Dean's Discretionary Fund
620,373,2,110000.0,2021-01-27,Donation,Wire Transfer,0.0,Global Initiatives
621,373,3,120000.0,2020-09-27,Donation,,0.0,Global Initiatives
622,373,4,15000.0,2020-05-03,Donation,Check,0.0,Athletics Fund
623,374,1,50000.0,2011-07-01,Donation,,0.0,Student Life
624,375,1,80000.0,2024-04-23,Donation,Check,0.0,Unrestricted Endowment
625,375,2,330000.0,2023-12-09,Donation,Check,0.0,Athletics Fund
626,375,3,370000.0,2022-06-17,Donation,Wire Transfer,0.0,Scholarship Endowment
627,375,4,280000.0,2017-02-04,Donation,Wire Transfer,0.0,Global Initiatives
628,376,1,390000.0,2024-06-07,Pledge,Campaign Pledge,202000.0,Student Life
629,376,2,390000.0,2023-10-18,Donation,Check,0.0,Student Life
630,376,3,330000.0,2023-01-08,Donation,,0.0,Student Life
631,376,4,360000.0,2016-03-31,Pledge,Multi-year Pledge,0.0,Student Life
632,376,5,310000.0,2013-03-12,Donation,GiveCampus,0.0,Arts & Humanities
633,377,1,45000.0,2017-12-03,Pledge,,0.0,Annual Fund
634,377,2,8000.0,2016-06-28,Donation,GiveCampus,0.0,Arts & Humanities
635,377,3,10000.0,2016-06-06,Donation,,0.0,Faculty Excellence Fund
636,377,4,10000.0,2014-12-09,Donation,Wire Transfer,0.0,Research Initiative
637,377,5,50000.0,2013-07-01,Donation,,0.0,Capital Campaign
638,378,1,90000.0,2022-08-07,Donation,Wire Transfer,0.0,Capital Campaign
639,378,2,150000.0,2020-03-29,Donation,Wire Transfer,0.0,Unrestricted Endowment
640,378,3,100000.0,2013-01-24,Pledge,Campaign Pledge,0.0,Annual Fund
641,379,1,8000.0,2024-04-28,Donation,Wire Transfer,0.0,Unrestricted Endowment
642,379,2,40000.0,2023-10-14,Donation,Check,0.0,Dean's Discretionary Fund
643,379,3,20000.0,2023-08-31,Donation,Check,0.0,Research Initiative
644,379,4,60000.0,2021-03-01,Donation,GiveCampus,0.0,Global Initiatives
645,379,5,60000.0,2020-07-04,Pledge,Campaign Pledge,0.0,Unrestricted Endowment
646,379,6,25000.0,2016-10-22,Donation,,0.0,Global Initiatives
647,379,7,50000.0,2013-04-11,Pledge,Multi-year Pledge,0.0,Global Initiatives
648,380,1,390000.0,2020-09-24,Donation,,0.0,Capital Campaign
649,380,2,60000.0,2020-05-14,Donation,Wire Transfer,0.0,Arts & Humanities
650,380,3,160000.0,2016-09-05,Donation,,0.0,Global Initiatives
651,380,4,670000.0,2012-08-02,Pledge,Multi-year Pledge,0.0,Athletics Fund
652,381,1,480000.0,2026-04-20,Donation,,0.0,Athletics Fund
653,382,1,80000.0,2025-05-21,Pledge,Multi-year Pledge,68000.0,Capital Campaign
654,382,2,310000.0,2021-03-12,Pledge,Multi-year Pledge,0.0,Global Initiatives
655,382,3,180000.0,2015-01-20,Donation,Wire Transfer,0.0,Scholarship Endowment
656,382,4,50000.0,2012-07-14,Donation,,0.0,Global Initiatives
657,385,1,200000.0,2012-11-09,Pledge,,0.0,Dean's Discretionary Fund
658,385,2,50000.0,2011-12-14,Donation,GiveCampus,0.0,Dean's Discretionary Fund
659,386,1,20000.0,2022-02-14,Pledge,Multi-year Pledge,0.0,Arts & Humanities
660,386,2,30000.0,2018-08-23,Donation,,0.0,Dean's Discretionary Fund
661,391,1,140000.0,2023-07-07,Donation,,0.0,Faculty Excellence Fund
662,391,2,130000.0,2012-06-26,Donation,Wire Transfer,0.0,Research Initiative
663,393,1,45000.0,2024-11-03,Pledge,Campaign Pledge,30000.0,Unrestricted Endowment
664,393,2,45000.0,2023-06-19,Donation,Check,0.0,Annual Fund
665,393,3,35000.0,2014-09-27,Pledge,Campaign Pledge,0.0,Capital Campaign
666,395,1,50000.0,2023-12-18,Pledge,Campaign Pledge,16000.0,Research Initiative
667,395,2,45000.0,2021-03-24,Pledge,Campaign Pledge,0.0,Unrestricted Endowment
668,395,3,60000.0,2014-09-17,Donation,,0.0,Dean's Discretionary Fund
669,397,1,70000.0,2019-04-27,Donation,,0.0,Arts & Humanities
670,397,2,60000.0,2016-06-06,Donation,,0.0,Unrestricted Endowment
671,397,3,35000.0,2014-12-10,Donation,,0.0,Dean's Discretionary Fund
672,397,4,45000.0,2013-12-25,Donation,Check,0.0,Library Fund
673,399,1,10000.0,2025-04-23,Donation,Check,0.0,Dean's Discretionary Fund
674,399,2,60000.0,2023-10-07,Donation,Wire Transfer,0.0,Student Life
675,399,3,20000.0,2018-06-06,Pledge,Multi-year Pledge,0.0,Faculty Excellence Fund
676,402,1,1350000.0,2026-02-19,Donation,Wire Transfer,0.0,Athletics Fund
677,402,2,670000.0,2025-03-16,Pledge,Multi-year Pledge,437000.0,Capital Campaign
678,402,3,1850000.0,2025-01-20,Donation,GiveCampus,0.0,Unrestricted Endowment
679,402,4,1590000.0,2020-06-23,Pledge,Campaign Pledge,0.0,Student Life
680,402,5,920000.0,2018-12-16,Donation,GiveCampus,0.0,Annual Fund
681,402,6,930000.0,2017-12-15,Donation,,0.0,Annual Fund
682,402,7,1870000.0,2017-10-22,Pledge,Multi-year Pledge,0.0,Research Initiative
683,402,8,1030000.0,2015-06-02,Pledge,Multi-year Pledge,0.0,Arts & Humanities
684,402,9,160000.0,2013-04-25,Donation,GiveCampus,0.0,Athletics Fund
685,402,10,1930000.0,2012-11-10,Pledge,,0.0,Student Life
686,404,1,320000.0,2020-11-13,Pledge,Campaign Pledge,0.0,Capital Campaign
687,404,2,150000.0,2020-07-08,Pledge,Multi-year Pledge,0.0,Annual Fund
688,404,3,260000.0,2018-01-07,Donation,Wire Transfer,0.0,Global Initiatives
689,404,4,370000.0,2017-03-27,Donation,,0.0,Dean's Discretionary Fund
690,409,1,35000.0,2016-09-14,Donation,,0.0,Global Initiatives
691,409,2,15000.0,2015-09-05,Donation,,0.0,Capital Campaign
692,409,3,200000.0,2015-07-31,Donation,,0.0,Arts & Humanities
693,409,4,170000.0,2011-07-31,Pledge,Multi-year Pledge,0.0,Student Life
694,411,1,40000.0,2026-03-03,Donation,Wire Transfer,0.0,Research Initiative
695,411,2,40000.0,2014-04-08,Donation,Wire Transfer,0.0,Capital Campaign
696,413,1,720000.0,2018-04-09,Pledge,Multi-year Pledge,0.0,Library Fund
697,413,2,590000.0,2016-05-07,Donation,,0.0,Capital Campaign
698,418,1,70000.0,2021-03-05,Pledge,Multi-year Pledge,0.0,Faculty Excellence Fund
699,418,2,50000.0,2020-09-02,Donation,Check,0.0,Research Initiative
